,Date,Gold Closing,Silver Closing,Platinum Closing,Copper Closing
0,2024-05-31 00:00:00-04:00,2322.89990234375,30.29700088500977,1037.699951171875,4.610000133514404
1,2024-06-03 00:00:00-04:00,2346.60009765625,30.641000747680664,1018.5,4.677000045776367
2,2024-06-04 00:00:00-04:00,2325.5,29.488000869750977,991.5999755859376,4.547999858856201
3,2024-06-05 00:00:00-04:00,2354.10009765625,29.947999954223636,996.0,4.619500160217285
4,2024-06-06 00:00:00-04:00,2370.300048828125,31.246999740600582,1008.2999877929688,4.690999984741211
5,2024-06-07 00:00:00-04:00,2305.199951171875,29.334999084472656,967.7999877929688,4.494500160217285
6,2024-06-10 00:00:00-04:00,2307.699951171875,29.768999099731445,972.5,4.55649995803833
7,2024-06-11 00:00:00-04:00,2307.5,29.132999420166016,955.5999755859376,4.5229997634887695
8,2024-06-12 00:00:00-04:00,2336.0,30.176000595092773,968.2000122070312,4.581500053405762
9,2024-06-13 00:00:00-04:00,2300.199951171875,28.989999771118164,951.2999877929688,4.507500171661377
10,2024-06-14 00:00:00-04:00,2331.39990234375,29.402000427246094,955.2999877929688,4.551000118255615
11,2024-06-17 00:00:00-04:00,2312.39990234375,29.325000762939453,967.7999877929688,4.521500110626221
12,2024-06-18 00:00:00-04:00,2330.39990234375,29.5049991607666,974.0999755859376,4.561999797821045
13,2024-06-20 00:00:00-04:00,2353.800048828125,30.775999069213867,981.5999755859376,4.618000030517578
14,2024-06-21 00:00:00-04:00,2316.39990234375,29.572999954223636,993.7000122070312,4.49399995803833
15,2024-06-24 00:00:00-04:00,2330.0,29.48900032043457,999.0999755859376,4.526999950408936
16,2024-06-25 00:00:00-04:00,2316.60009765625,28.83699989318848,983.7000122070312,4.38100004196167
17,2024-06-26 00:00:00-04:00,2299.199951171875,28.90900039672852,1020.7000122070312,4.367499828338623
18,2024-06-27 00:00:00-04:00,2324.5,28.917999267578125,991.7000122070312,4.328499794006348
19,2024-06-28 00:00:00-04:00,2327.699951171875,29.23699951171875,1001.9000244140624,4.390500068664551
20,2024-07-01 00:00:00-04:00,2327.60009765625,29.299999237060547,978.2999877929688,4.426499843597412
21,2024-07-02 00:00:00-04:00,2323.0,29.35300064086914,998.2000122070312,4.429500102996826
22,2024-07-03 00:00:00-04:00,2359.800048828125,30.54800033569336,1002.0,4.540999889373779
23,2024-07-05 00:00:00-04:00,2388.5,31.38800048828125,1035.300048828125,4.6585001945495605
24,2024-07-08 00:00:00-04:00,2355.199951171875,30.618000030517575,1003.7000122070312,4.622000217437744
25,2024-07-09 00:00:00-04:00,2360.10009765625,30.77199935913086,989.7000122070312,4.578000068664551
26,2024-07-10 00:00:00-04:00,2372.199951171875,30.726999282836918,997.5,4.607500076293945
27,2024-07-11 00:00:00-04:00,2415.0,31.393999099731445,1005.5,4.508500099182129
28,2024-07-12 00:00:00-04:00,2414.0,30.88599967956543,999.0,4.598499774932861
29,2024-07-15 00:00:00-04:00,2422.89990234375,30.67200088500977,998.5,4.52899980545044
30,2024-07-16 00:00:00-04:00,2462.39990234375,31.19499969482422,1000.0,4.443999767303467
31,2024-07-17 00:00:00-04:00,2454.800048828125,30.136999130249023,996.9000244140624,4.39900016784668
32,2024-07-18 00:00:00-04:00,2451.800048828125,29.9950008392334,974.7000122070312,4.265999794006348
33,2024-07-19 00:00:00-04:00,2395.5,29.08799934387207,962.5,4.218999862670898
34,2024-07-22 00:00:00-04:00,2392.0,29.124000549316406,945.4000244140624,4.180500030517578
35,2024-07-23 00:00:00-04:00,2404.60009765625,29.131999969482425,945.0,4.145999908447266
36,2024-07-24 00:00:00-04:00,2413.300048828125,29.11599922180176,958.7999877929688,4.098999977111816
37,2024-07-25 00:00:00-04:00,2351.89990234375,27.80699920654297,934.9000244140624,4.112500190734863
38,2024-07-26 00:00:00-04:00,2380.0,27.86000061035156,934.0999755859376,4.104499816894531
39,2024-07-29 00:00:00-04:00,2377.300048828125,27.702999114990234,949.0,4.061999797821045
40,2024-07-30 00:00:00-04:00,2405.0,28.364999771118164,965.0,4.063000202178955
41,2024-07-31 00:00:00-04:00,2426.5,28.777999877929688,982.2000122070312,4.159999847412109
42,2024-08-01 00:00:00-04:00,2435.0,28.33099937438965,965.4000244140624,4.066500186920166
43,2024-08-02 00:00:00-04:00,2425.699951171875,28.246000289916992,962.7000122070312,4.084000110626221
44,2024-08-05 00:00:00-04:00,2401.699951171875,27.076000213623047,911.0,3.983999967575073
45,2024-08-06 00:00:00-04:00,2389.10009765625,27.09600067138672,915.4000244140624,4.011499881744385
46,2024-08-07 00:00:00-04:00,2390.5,26.82999992370605,924.0999755859376,3.9375
47,2024-08-08 00:00:00-04:00,2422.199951171875,27.5,934.2999877929688,3.944999933242798
48,2024-08-09 00:00:00-04:00,2432.10009765625,27.48699951171875,927.5999755859376,3.9800000190734863
49,2024-08-12 00:00:00-04:00,2462.39990234375,27.91699981689453,945.0999755859376,4.054999828338623
50,2024-08-13 00:00:00-04:00,2466.699951171875,27.69499969482422,943.0999755859376,4.035999774932861
51,2024-08-14 00:00:00-04:00,2439.39990234375,27.253999710083008,927.5999755859376,4.025000095367432
52,2024-08-15 00:00:00-04:00,2453.10009765625,28.34199905395508,960.0,4.138999938964844
53,2024-08-16 00:00:00-04:00,2498.60009765625,28.777999877929688,957.2999877929688,4.127500057220459
54,2024-08-19 00:00:00-04:00,2501.800048828125,29.239999771118164,958.9000244140624,4.166500091552734
55,2024-08-20 00:00:00-04:00,2511.300048828125,29.45499992370605,951.5999755859376,4.149499893188477
56,2024-08-21 00:00:00-04:00,2508.39990234375,29.47599983215332,968.2000122070312,4.18149995803833
57,2024-08-22 00:00:00-04:00,2478.89990234375,29.006000518798828,948.5999755859376,4.140999794006348
58,2024-08-23 00:00:00-04:00,2508.39990234375,29.785999298095703,960.4000244140624,4.194499969482422
59,2024-08-26 00:00:00-04:00,2517.699951171875,29.976999282836918,968.5999755859376,4.21150016784668
60,2024-08-27 00:00:00-04:00,2516.0,29.951000213623047,959.0,4.230500221252441
61,2024-08-28 00:00:00-04:00,2501.0,29.176000595092773,933.7000122070312,4.144999980926514
62,2024-08-29 00:00:00-04:00,2525.699951171875,29.55699920654297,941.4000244140624,4.147500038146973
63,2024-08-30 00:00:00-04:00,2493.800048828125,28.731000900268555,927.7999877929688,4.144999980926514
64,2024-09-03 00:00:00-04:00,2489.89990234375,27.951000213623047,905.2999877929688,4.0320000648498535
65,2024-09-04 00:00:00-04:00,2493.39990234375,28.16699981689453,903.7999877929688,4.019499778747559
66,2024-09-05 00:00:00-04:00,2511.39990234375,28.71999931335449,925.9000244140624,4.077499866485596
67,2024-09-06 00:00:00-04:00,2493.5,27.808000564575195,914.2999877929688,4.014500141143799
68,2024-09-09 00:00:00-04:00,2501.800048828125,28.291000366210938,942.5,4.084499835968018
69,2024-09-10 00:00:00-04:00,2512.300048828125,28.256999969482425,939.9000244140624,4.040500164031982
70,2024-09-11 00:00:00-04:00,2512.10009765625,28.5629997253418,952.4000244140624,4.083000183105469
71,2024-09-12 00:00:00-04:00,2551.199951171875,29.743000030517575,981.9000244140624,4.132999897003174
72,2024-09-13 00:00:00-04:00,2581.300048828125,30.698999404907227,1006.5,4.175000190734863
73,2024-09-16 00:00:00-04:00,2580.39990234375,30.770999908447266,987.9000244140624,4.2129998207092285
74,2024-09-17 00:00:00-04:00,2564.300048828125,30.61899948120117,982.7999877929688,4.213500022888184
75,2024-09-18 00:00:00-04:00,2570.699951171875,30.340999603271484,974.7999877929688,4.23799991607666
76,2024-09-19 00:00:00-04:00,2588.0,31.0939998626709,994.0999755859376,4.285999774932861
77,2024-09-20 00:00:00-04:00,2619.89990234375,31.176000595092773,981.5999755859376,4.281499862670898
78,2024-09-23 00:00:00-04:00,2626.5,30.767000198364254,961.5,4.289000034332275
79,2024-09-24 00:00:00-04:00,2651.199951171875,32.11100006103516,987.4000244140624,4.429500102996826
80,2024-09-25 00:00:00-04:00,2659.199951171875,31.697999954223636,991.4000244140624,4.427999973297119
81,2024-09-26 00:00:00-04:00,2669.89990234375,32.025001525878906,1011.0999755859376,4.580999851226807
82,2024-09-27 00:00:00-04:00,2644.300048828125,31.518999099731445,1008.5,4.540999889373779
83,2024-09-30 00:00:00-04:00,2636.10009765625,31.16399955749512,979.0,4.495999813079834
84,2024-10-01 00:00:00-04:00,2667.300048828125,31.44499969482422,988.4000244140624,4.5355000495910645
85,2024-10-02 00:00:00-04:00,2647.10009765625,31.62800025939941,1004.4000244140624,4.5960001945495605
86,2024-10-03 00:00:00-04:00,2657.10009765625,32.18899917602539,993.2000122070312,4.501999855041504
87,2024-10-04 00:00:00-04:00,2645.800048828125,32.12799835205078,989.7999877929688,4.522500038146973
88,2024-10-07 00:00:00-04:00,2644.800048828125,31.7450008392334,977.0,4.519000053405762
89,2024-10-08 00:00:00-04:00,2615.0,30.354999542236328,951.7000122070312,4.412000179290772
90,2024-10-09 00:00:00-04:00,2606.0,30.424999237060547,948.7000122070312,4.355000019073486
91,2024-10-10 00:00:00-04:00,2620.60009765625,31.0049991607666,967.7000122070312,4.385000228881836
92,2024-10-11 00:00:00-04:00,2657.60009765625,31.520000457763672,985.0,4.451499938964844
93,2024-10-14 00:00:00-04:00,2647.800048828125,31.08300018310547,994.9000244140624,4.363500118255615
94,2024-10-15 00:00:00-04:00,2661.39990234375,31.527000427246094,987.7000122070312,4.30049991607666
95,2024-10-16 00:00:00-04:00,2674.0,31.76000022888184,993.7999877929688,4.331500053405762
96,2024-10-17 00:00:00-04:00,2691.0,31.572999954223636,997.0,4.286499977111816
97,2024-10-18 00:00:00-04:00,2713.699951171875,33.03200149536133,1015.0999755859376,4.3460001945495605
98,2024-10-21 00:00:00-04:00,2723.10009765625,33.86899948120117,1007.5999755859376,4.322999954223633
99,2024-10-22 00:00:00-04:00,2744.199951171875,34.83100128173828,1033.0,4.3480000495910645
100,2024-10-23 00:00:00-04:00,2714.39990234375,33.63999938964844,1019.7999877929688,4.304500102996826
101,2024-10-24 00:00:00-04:00,2734.89990234375,33.61100006103516,1024.199951171875,4.319499969482422
102,2024-10-25 00:00:00-04:00,2740.89990234375,33.60300064086914,1027.199951171875,4.339499950408936
103,2024-10-28 00:00:00-04:00,2742.89990234375,33.83000183105469,1037.300048828125,4.331999778747559
104,2024-10-29 00:00:00-04:00,2768.39990234375,34.26900100708008,1051.0,4.332499980926514
105,2024-10-30 00:00:00-04:00,2788.5,33.91400146484375,1013.0999755859376,4.327499866485596
106,2024-10-31 00:00:00-04:00,2738.300048828125,32.65299987792969,991.5999755859376,4.313499927520752
107,2024-11-01 00:00:00-04:00,2738.60009765625,32.54199981689453,995.0999755859376,4.347499847412109
108,2024-11-04 00:00:00-05:00,2736.10009765625,32.47999954223633,982.4000244140624,4.4070000648498535
109,2024-11-05 00:00:00-05:00,2740.300048828125,32.654998779296875,1000.4000244140624,4.450500011444092
110,2024-11-06 00:00:00-05:00,2667.60009765625,31.22100067138672,986.0,4.222499847412109
111,2024-11-07 00:00:00-05:00,2698.39990234375,31.76499938964844,992.7999877929688,4.409999847412109
112,2024-11-08 00:00:00-05:00,2687.5,31.358999252319336,973.5999755859376,4.286499977111816
113,2024-11-11 00:00:00-05:00,2611.199951171875,30.540000915527344,964.2999877929688,4.210999965667725
114,2024-11-12 00:00:00-05:00,2600.0,30.68600082397461,942.9000244140624,4.119500160217285
115,2024-11-13 00:00:00-05:00,2580.800048828125,30.59000015258789,938.0999755859376,4.065999984741211
116,2024-11-14 00:00:00-05:00,2568.199951171875,30.507999420166016,938.7000122070312,4.072999954223633
117,2024-11-15 00:00:00-05:00,2565.699951171875,30.371000289916992,939.7999877929688,4.051000118255615
118,2024-11-18 00:00:00-05:00,2610.60009765625,31.163000106811523,969.0999755859376,4.107999801635742
119,2024-11-19 00:00:00-05:00,2627.10009765625,31.20800018310547,973.2999877929688,4.130000114440918
120,2024-11-20 00:00:00-05:00,2648.199951171875,30.95599937438965,960.7000122070312,4.143499851226807
121,2024-11-21 00:00:00-05:00,2672.10009765625,30.91200065612793,965.2000122070312,4.11299991607666
122,2024-11-22 00:00:00-05:00,2709.89990234375,31.30900001525879,969.7000122070312,4.073999881744385
123,2024-11-25 00:00:00-05:00,2616.800048828125,30.209999084472656,938.7999877929688,4.09149980545044
124,2024-11-26 00:00:00-05:00,2620.300048828125,30.38800048828125,923.2999877929688,4.039000034332275
125,2024-11-27 00:00:00-05:00,2639.89990234375,30.11100006103516,926.9000244140624,4.066999912261963
126,2024-11-29 00:00:00-05:00,2657.0,30.684999465942383,949.5,4.08050012588501
127,2024-12-02 00:00:00-05:00,2634.89990234375,30.448999404907227,945.9000244140624,4.075500011444092
128,2024-12-03 00:00:00-05:00,2644.699951171875,31.07699966430664,955.7999877929688,4.145999908447266
129,2024-12-04 00:00:00-05:00,2653.800048828125,31.5049991607666,948.9000244140624,4.142000198364258
130,2024-12-05 00:00:00-05:00,2626.60009765625,31.13400077819824,937.2000122070312,4.135000228881836
131,2024-12-06 00:00:00-05:00,2638.60009765625,31.18600082397461,930.0,4.138500213623047
132,2024-12-09 00:00:00-05:00,2664.89990234375,32.215999603271484,950.2000122070312,4.223499774932861
133,2024-12-10 00:00:00-05:00,2697.60009765625,32.362998962402344,945.2999877929688,4.223499774932861
134,2024-12-11 00:00:00-05:00,2733.800048828125,32.5620002746582,947.0,4.214000225067139
135,2024-12-12 00:00:00-05:00,2687.5,31.22800064086914,936.5999755859376,4.195000171661377
136,2024-12-13 00:00:00-05:00,2656.0,30.655000686645508,921.2999877929688,4.14900016784668
137,2024-12-16 00:00:00-05:00,2651.39990234375,30.69700050354004,938.2999877929688,4.143499851226807
138,2024-12-17 00:00:00-05:00,2644.39990234375,30.572999954223636,941.5,4.09149980545044
139,2024-12-18 00:00:00-05:00,2636.5,30.40999984741211,932.5999755859376,4.099999904632568
140,2024-12-19 00:00:00-05:00,2592.199951171875,29.0939998626709,921.5,4.020500183105469
141,2024-12-20 00:00:00-05:00,2628.699951171875,29.65999984741211,934.4000244140624,4.040999889373779
142,2024-12-23 00:00:00-05:00,2612.300048828125,29.88800048828125,946.9000244140624,4.0229997634887695
143,2024-12-24 00:00:00-05:00,2620.0,29.974000930786133,958.5,4.049499988555908
144,2024-12-26 00:00:00-05:00,2638.800048828125,30.04700088500977,952.2000122070312,4.072000026702881
145,2024-12-27 00:00:00-05:00,2617.199951171875,29.655000686645508,917.5,4.0625
146,2024-12-30 00:00:00-05:00,2606.10009765625,29.106000900268555,902.4000244140624,4.045499801635742
147,2024-12-31 00:00:00-05:00,2629.199951171875,28.940000534057617,894.0,3.986000061035156
148,2025-01-02 00:00:00-05:00,2658.89990234375,29.621999740600582,908.9000244140624,3.9885001182556152
149,2025-01-03 00:00:00-05:00,2645.0,29.80599975585937,934.5999755859376,4.039500236511231
150,2025-01-06 00:00:00-05:00,2638.39990234375,30.34199905395508,929.2999877929688,4.126999855041504
151,2025-01-07 00:00:00-05:00,2656.699951171875,30.44700050354004,962.7999877929688,4.1605000495910645
152,2025-01-08 00:00:00-05:00,2664.5,30.45199966430664,969.7999877929688,4.227499961853027
153,2025-01-09 00:00:00-05:00,2683.800048828125,30.791000366210938,970.2999877929688,4.2795000076293945
154,2025-01-10 00:00:00-05:00,2708.5,31.090999603271484,982.0999755859376,4.274499893188477
155,2025-01-13 00:00:00-05:00,2673.5,30.090999603271484,962.0999755859376,4.295499801635742
156,2025-01-14 00:00:00-05:00,2677.5,30.131999969482425,936.2000122070312,4.310500144958496
157,2025-01-15 00:00:00-05:00,2712.5,31.319000244140625,931.2999877929688,4.359499931335449
158,2025-01-16 00:00:00-05:00,2746.39990234375,31.52300071716309,934.2999877929688,4.4105000495910645
159,2025-01-17 00:00:00-05:00,2744.300048828125,30.951000213623047,951.0999755859376,4.337500095367432
160,2025-01-21 00:00:00-05:00,2755.0,31.31100082397461,957.2000122070312,4.310999870300293
161,2025-01-22 00:00:00-05:00,2767.60009765625,31.23900032043457,958.2000122070312,4.271500110626221
162,2025-01-23 00:00:00-05:00,2763.10009765625,30.67300033569336,957.0999755859376,4.299499988555908
163,2025-01-24 00:00:00-05:00,2777.300048828125,31.02300071716309,957.5999755859376,4.289999961853027
164,2025-01-27 00:00:00-05:00,2737.5,30.253999710083008,946.9000244140624,4.203499794006348
165,2025-01-28 00:00:00-05:00,2766.800048828125,30.726999282836918,947.0,4.2204999923706055
166,2025-01-29 00:00:00-05:00,2769.10009765625,31.238000869750977,965.4000244140624,4.257500171661377
167,2025-01-30 00:00:00-05:00,2823.0,32.36399841308594,1016.5,4.288000106811523
168,2025-01-31 00:00:00-05:00,2812.5,32.12799835205078,1033.199951171875,4.26200008392334
169,2025-02-03 00:00:00-05:00,2833.89990234375,32.391998291015625,991.7999877929688,4.294000148773193
170,2025-02-04 00:00:00-05:00,2853.300048828125,32.88800048828125,1002.5,4.34250020980835
171,2025-02-05 00:00:00-05:00,2871.60009765625,32.85699844360352,1015.5999755859376,4.434500217437744
172,2025-02-06 00:00:00-05:00,2856.0,32.518001556396484,1013.7000122070312,4.453499794006348
173,2025-02-07 00:00:00-05:00,2867.300048828125,32.334999084472656,1011.0999755859376,4.581500053405762
174,2025-02-10 00:00:00-05:00,2914.300048828125,32.391998291015625,1022.5,4.700500011444092
175,2025-02-11 00:00:00-05:00,2912.5,32.23099899291992,1026.9000244140625,4.5945000648498535
176,2025-02-12 00:00:00-05:00,2909.0,32.69499969482422,1038.699951171875,4.697999954223633
177,2025-02-13 00:00:00-05:00,2925.89990234375,32.650001525878906,1033.699951171875,4.769000053405762
178,2025-02-14 00:00:00-05:00,2883.60009765625,32.80099868774414,1009.7999877929688,4.656499862670898
179,2025-02-18 00:00:00-05:00,2931.60009765625,33.31700134277344,996.5999755859376,4.585000038146973
180,2025-02-19 00:00:00-05:00,2919.39990234375,32.99300003051758,976.7000122070312,4.557000160217285
181,2025-02-20 00:00:00-05:00,2940.0,33.444000244140625,987.7999877929688,4.607999801635742
182,2025-02-21 00:00:00-05:00,2937.60009765625,32.97600173950195,978.2999877929688,4.559999942779541
183,2025-02-24 00:00:00-05:00,2947.89990234375,32.57500076293945,961.2000122070312,4.517000198364258
184,2025-02-25 00:00:00-05:00,2904.5,31.801000595092773,960.5999755859376,4.486000061035156
185,2025-02-26 00:00:00-05:00,2916.800048828125,32.25299835205078,967.7999877929688,4.541999816894531
186,2025-02-27 00:00:00-05:00,2883.199951171875,31.801000595092773,951.9000244140624,4.579999923706055
187,2025-02-28 00:00:00-05:00,2836.800048828125,31.2189998626709,932.2999877929688,4.514500141143799
188,2025-03-03 00:00:00-05:00,2890.199951171875,32.03200149536133,966.5999755859376,4.576499938964844
189,2025-03-04 00:00:00-05:00,2909.60009765625,32.108001708984375,966.5,4.527500152587891
190,2025-03-05 00:00:00-05:00,2915.300048828125,32.858001708984375,969.4000244140624,4.766499996185303
191,2025-03-06 00:00:00-05:00,2916.60009765625,33.0629997253418,974.7999877929688,4.77899980545044
192,2025-03-07 00:00:00-05:00,2904.699951171875,32.54800033569336,961.5999755859376,4.683000087738037
193,2025-03-10 00:00:00-04:00,2891.0,32.275001525878906,962.0,4.639500141143799
194,2025-03-11 00:00:00-04:00,2912.89990234375,32.88800048828125,975.4000244140624,4.739999771118164
195,2025-03-12 00:00:00-04:00,2939.10009765625,33.48400115966797,992.2000122070312,4.821000099182129
196,2025-03-13 00:00:00-04:00,2984.300048828125,34.05099868774414,1002.5,4.898499965667725
197,2025-03-14 00:00:00-04:00,2994.5,34.1870002746582,1010.0,4.869500160217285
198,2025-03-17 00:00:00-04:00,3000.0,34.07400131225586,1023.5,4.933499813079834
199,2025-03-18 00:00:00-04:00,3035.10009765625,34.57899856567383,1020.5,4.993000030517578
200,2025-03-19 00:00:00-04:00,3035.89990234375,33.974998474121094,1006.2999877929688,5.076000213623047
201,2025-03-20 00:00:00-04:00,3040.0,33.7859992980957,989.5,5.085000038146973
202,2025-03-21 00:00:00-04:00,3018.199951171875,33.290000915527344,976.2000122070312,5.087500095367432
203,2025-03-24 00:00:00-04:00,3013.10009765625,33.26499938964844,962.5999755859376,5.064000129699707
204,2025-03-25 00:00:00-04:00,3023.699951171875,34.00199890136719,973.0999755859376,5.183000087738037
205,2025-03-26 00:00:00-04:00,3020.89990234375,34.03300094604492,967.9000244140624,5.216000080108643
206,2025-03-27 00:00:00-04:00,3060.199951171875,34.89699935913086,983.2000122070312,5.097499847412109
207,2025-03-28 00:00:00-04:00,3086.5,34.64400100708008,977.7000122070312,5.112500190734863
208,2025-03-31 00:00:00-04:00,3122.800048828125,34.457000732421875,1009.7000122070312,5.019999980926514
209,2025-04-01 00:00:00-04:00,3118.89990234375,34.15800094604492,987.0999755859376,5.019000053405762
210,2025-04-02 00:00:00-04:00,3139.89990234375,34.499000549316406,977.9000244140624,5.023499965667725
211,2025-04-03 00:00:00-04:00,3097.0,31.8439998626709,942.5,4.810999870300293
212,2025-04-04 00:00:00-04:00,3012.0,29.11599922180176,902.0,4.384500026702881
213,2025-04-07 00:00:00-04:00,2951.300048828125,29.51000022888184,894.0,4.169000148773193
214,2025-04-08 00:00:00-04:00,2968.39990234375,29.59199905395508,899.5999755859375,4.127500057220459
215,2025-04-09 00:00:00-04:00,3056.5,30.322999954223636,908.5999755859376,4.17549991607666
216,2025-04-10 00:00:00-04:00,3155.199951171875,30.67099952697754,922.4000244140624,4.321000099182129
217,2025-04-11 00:00:00-04:00,3222.199951171875,31.823999404907227,934.2999877929688,4.507500171661377
218,2025-04-14 00:00:00-04:00,3204.800048828125,32.09199905395508,948.5999755859376,4.610499858856201
219,2025-04-15 00:00:00-04:00,3218.699951171875,32.22700119018555,960.2000122070312,4.611000061035156
220,2025-04-16 00:00:00-04:00,3326.60009765625,32.92599868774414,969.7000122070312,4.673999786376953
221,2025-04-17 00:00:00-04:00,3308.699951171875,32.41999816894531,967.2999877929688,4.731500148773193
222,2025-04-21 00:00:00-04:00,3406.199951171875,32.49599838256836,957.7999877929688,4.7210001945495605
223,2025-04-22 00:00:00-04:00,3400.800048828125,32.880001068115234,953.4000244140624,4.870500087738037
224,2025-04-23 00:00:00-04:00,3276.300048828125,33.518001556396484,970.7000122070312,4.8354997634887695
225,2025-04-24 00:00:00-04:00,3332.0,33.48199844360352,971.5999755859376,4.849999904632568
226,2025-04-25 00:00:00-04:00,3282.39990234375,32.98899841308594,964.7999877929688,4.8354997634887695
227,2025-04-28 00:00:00-04:00,3332.5,32.9900016784668,987.4000244140624,4.8379998207092285
228,2025-04-29 00:00:00-04:00,3318.800048828125,33.275001525878906,978.7000122070312,4.822999954223633
229,2025-04-30 00:00:00-04:00,3305.0,32.53099822998047,963.7999877929688,4.559999942779541
230,2025-05-01 00:00:00-04:00,3210.0,32.18899917602539,964.7999877929688,4.580999851226807
231,2025-05-02 00:00:00-04:00,3231.89990234375,31.98900032043457,962.9000244140624,4.627500057220459
232,2025-05-05 00:00:00-04:00,3311.300048828125,32.20500183105469,957.5,4.65500020980835
233,2025-05-06 00:00:00-04:00,3411.39990234375,33.112998962402344,987.7999877929688,4.735000133514404
234,2025-05-07 00:00:00-04:00,3381.39990234375,32.53099822998047,979.7999877929688,4.616499900817871
235,2025-05-08 00:00:00-04:00,3296.60009765625,32.37799835205078,976.2999877929688,4.560999870300293
236,2025-05-09 00:00:00-04:00,3335.39990234375,32.67599868774414,998.5,4.611000061035156
237,2025-05-12 00:00:00-04:00,3220.0,32.38800048828125,974.2999877929688,4.578499794006348
238,2025-05-13 00:00:00-04:00,3240.300048828125,32.86800003051758,991.0,4.68149995803833
239,2025-05-14 00:00:00-04:00,3181.39990234375,32.22600173950195,980.7999877929688,4.611000061035156
240,2025-05-15 00:00:00-04:00,3220.699951171875,32.48099899291992,996.5,4.644499778747559
241,2025-05-16 00:00:00-04:00,3182.0,32.15800094604492,990.2000122070312,4.555500030517578
242,2025-05-19 00:00:00-04:00,3228.89990234375,32.3129997253418,1004.5,4.633500099182129
243,2025-05-20 00:00:00-04:00,3280.300048828125,32.97999954223633,1053.800048828125,4.619500160217285
244,2025-05-21 00:00:00-04:00,3309.300048828125,33.4630012512207,1082.5999755859375,4.638000011444092
245,2025-05-22 00:00:00-04:00,3292.300048828125,33.047000885009766,1078.199951171875,4.648499965667725
246,2025-05-23 00:00:00-04:00,3363.60009765625,33.44200134277344,1087.4000244140625,4.80649995803833
247,2025-05-27 00:00:00-04:00,3299.10009765625,33.145999908447266,1075.5999755859375,4.710000038146973
248,2025-05-28 00:00:00-04:00,3293.60009765625,33.0,1070.5999755859375,4.644000053405762
249,2025-05-29 00:00:00-04:00,3317.10009765625,33.28300094604492,1074.699951171875,4.653500080108643
250,2025-05-30 00:00:00-04:00,3288.89990234375,32.891998291015625,1051.699951171875,4.652500152587891
251,2025-06-02 00:00:00-04:00,3370.60009765625,34.5629997253418,1060.300048828125,4.834499835968018
252,2025-06-03 00:00:00-04:00,3350.199951171875,34.50299835205078,1071.300048828125,4.809500217437744
253,2025-06-04 00:00:00-04:00,3373.5,34.51900100708008,1088.699951171875,4.864500045776367
254,2025-06-05 00:00:00-04:00,3350.699951171875,35.68899917602539,1133.699951171875,4.91349983215332
255,2025-06-06 00:00:00-04:00,3322.699951171875,36.025001525878906,1166.699951171875,4.829999923706055
256,2025-06-09 00:00:00-04:00,3332.10009765625,36.6879997253418,1213.5999755859375,4.9095001220703125
257,2025-06-10 00:00:00-04:00,3320.89990234375,36.54199981689453,1209.800048828125,4.883999824523926
258,2025-06-11 00:00:00-04:00,3321.300048828125,36.16600036621094,1258.0999755859375,4.801000118255615
259,2025-06-12 00:00:00-04:00,3380.89990234375,36.2130012512207,1272.699951171875,4.821499824523926
260,2025-06-13 00:00:00-04:00,3431.199951171875,36.28099822998047,1210.800048828125,4.802999973297119
261,2025-06-16 00:00:00-04:00,3396.39990234375,36.37900161743164,1251.5,4.826499938964844
262,2025-06-17 00:00:00-04:00,3386.60009765625,37.09000015258789,1260.0999755859375,4.80049991607666
263,2025-06-18 00:00:00-04:00,3389.800048828125,36.86600112915039,1311.5,4.84499979019165
264,2025-06-20 00:00:00-04:00,3368.10009765625,35.97600173950195,1263.699951171875,4.826000213623047
265,2025-06-23 00:00:00-04:00,3377.699951171875,36.15299987792969,1283.4000244140625,4.8429999351501465
266,2025-06-24 00:00:00-04:00,3317.39990234375,35.70100021362305,1304.199951171875,4.867000102996826
267,2025-06-25 00:00:00-04:00,3327.10009765625,36.084999084472656,1329.5999755859375,4.913000106811523
268,2025-06-26 00:00:00-04:00,3333.5,36.58599853515625,1399.800048828125,5.065499782562256
269,2025-06-27 00:00:00-04:00,3273.699951171875,36.0369987487793,1340.9000244140625,5.06850004196167
270,2025-06-30 00:00:00-04:00,3294.39990234375,35.85200119018555,1334.0,5.03000020980835
271,2025-07-01 00:00:00-04:00,3336.699951171875,36.08200073242188,1345.9000244140625,5.047999858856201
272,2025-07-02 00:00:00-04:00,3348.0,36.42599868774414,1421.0,5.14900016784668
273,2025-07-03 00:00:00-04:00,3331.60009765625,36.78400039672852,1372.0,5.0970001220703125
274,2025-07-04 00:00:00-04:00,3332.5,36.775001525878906,1382.5,5.018499851226807
275,2025-07-07 00:00:00-04:00,3332.199951171875,36.6150016784668,1361.800048828125,4.984499931335449
276,2025-07-08 00:00:00-04:00,3307.0,36.47200012207031,1376.5999755859375,5.644999980926514
277,2025-07-09 00:00:00-04:00,3311.60009765625,36.35100173950195,1370.5999755859375,5.44350004196167
278,2025-07-10 00:00:00-04:00,3317.39990234375,37.03799819946289,1394.9000244140625,5.547999858856201
279,2025-07-11 00:00:00-04:00,3356.0,38.67599868774414,1452.0,5.561999797821045
280,2025-07-14 00:00:00-04:00,3351.5,38.46200180053711,1399.699951171875,5.514999866485596
281,2025-07-15 00:00:00-04:00,3329.800048828125,37.83399963378906,1395.0,5.546000003814697
282,2025-07-16 00:00:00-04:00,3352.5,37.85300064086914,1417.0999755859375,5.496500015258789
283,2025-07-17 00:00:00-04:00,3340.10009765625,38.055999755859375,1454.4000244140625,5.486000061035156
284,2025-07-18 00:00:00-04:00,3353.0,38.22299957275391,1438.5,5.578000068664551
285,2025-07-21 00:00:00-04:00,3401.89990234375,39.10100173950195,1477.699951171875,5.610499858856201
286,2025-07-22 00:00:00-04:00,3439.199951171875,39.31999969482422,1465.5,5.697000026702881
287,2025-07-23 00:00:00-04:00,3394.10009765625,39.27799987792969,1437.699951171875,5.795000076293945
288,2025-07-24 00:00:00-04:00,3371.0,39.02099990844727,1424.5999755859375,5.776999950408936
289,2025-07-25 00:00:00-04:00,3334.0,38.16699981689453,1407.4000244140625,5.763500213623047
290,2025-07-28 00:00:00-04:00,3309.10009765625,38.0260009765625,1404.0999755859375,5.59499979019165
291,2025-07-29 00:00:00-04:00,3323.39990234375,38.08399963378906,1404.0,5.603499889373779
292,2025-07-30 00:00:00-04:00,3295.800048828125,37.56600189208984,1360.699951171875,5.570000171661377
293,2025-07-31 00:00:00-04:00,3293.199951171875,36.55199813842773,1286.4000244140625,4.33050012588501
294,2025-08-01 00:00:00-04:00,3347.699951171875,36.7869987487793,1304.0,4.412499904632568
295,2025-08-04 00:00:00-04:00,3374.39990234375,37.19200134277344,1326.4000244140625,4.414999961853027
296,2025-08-05 00:00:00-04:00,3381.89990234375,37.6870002746582,1317.199951171875,4.363999843597412
297,2025-08-06 00:00:00-04:00,3380.0,37.76599884033203,1326.0,4.390999794006348
298,2025-08-07 00:00:00-04:00,3400.300048828125,38.15800094604492,1339.9000244140625,4.378499984741211
299,2025-08-08 00:00:00-04:00,3439.10009765625,38.41699981689453,1325.5999755859375,4.45550012588501
300,2025-08-11 00:00:00-04:00,3353.10009765625,37.6619987487793,1329.9000244140625,4.423500061035156
301,2025-08-12 00:00:00-04:00,3348.89990234375,37.89899826049805,1341.9000244140625,4.508500099182129
302,2025-08-13 00:00:00-04:00,3358.699951171875,38.499000549316406,1331.5,4.48199987411499
303,2025-08-14 00:00:00-04:00,3335.199951171875,37.98199844360352,1350.300048828125,4.464499950408936
304,2025-08-15 00:00:00-04:00,3336.0,37.89400100708008,1334.300048828125,4.478000164031982
305,2025-08-18 00:00:00-04:00,3331.699951171875,37.95100021362305,1326.4000244140625,4.456999778747559
306,2025-08-19 00:00:00-04:00,3313.39990234375,37.26100158691406,1302.300048828125,4.408999919891357
307,2025-08-20 00:00:00-04:00,3343.39990234375,37.70500183105469,1334.0,4.426000118255615
308,2025-08-21 00:00:00-04:00,3336.89990234375,38.027000427246094,1351.199951171875,4.43149995803833
309,2025-08-22 00:00:00-04:00,3374.39990234375,39.00299835205078,1355.4000244140625,4.447500228881836
310,2025-08-25 00:00:00-04:00,3373.800048828125,38.67699813842773,1331.5999755859375,4.46649980545044
311,2025-08-26 00:00:00-04:00,3388.60009765625,38.58200073242188,1342.4000244140625,4.450500011444092
312,2025-08-27 00:00:00-04:00,3404.60009765625,38.68899917602539,1341.4000244140625,4.414500236511231
313,2025-08-28 00:00:00-04:00,3431.800048828125,39.18999862670898,1356.4000244140625,4.463500022888184
314,2025-08-29 00:00:00-04:00,3473.699951171875,40.20000076293945,1365.699951171875,4.518499851226807
315,2025-09-02 00:00:00-04:00,3549.39990234375,41.07099914550781,1405.800048828125,4.569499969482422
316,2025-09-03 00:00:00-04:00,3593.199951171875,41.54199981689453,1448.5999755859375,4.558499813079834
317,2025-09-04 00:00:00-04:00,3565.800048828125,40.9109992980957,1371.199951171875,4.48799991607666
318,2025-09-05 00:00:00-04:00,3613.199951171875,41.07400131225586,1381.699951171875,4.482500076293945
319,2025-09-08 00:00:00-04:00,3638.10009765625,41.42599868774414,1380.800048828125,4.490499973297119
320,2025-09-09 00:00:00-04:00,3643.300048828125,40.87799835205078,1367.300048828125,4.500999927520752
321,2025-09-10 00:00:00-04:00,3643.60009765625,41.132999420166016,1392.9000244140625,4.550000190734863
322,2025-09-11 00:00:00-04:00,3636.89990234375,41.696998596191406,1395.4000244140625,4.590499877929688
323,2025-09-12 00:00:00-04:00,3649.39990234375,42.387001037597656,1407.300048828125,4.588500022888184
324,2025-09-15 00:00:00-04:00,3682.199951171875,42.516998291015625,1412.800048828125,4.6554999351501465
325,2025-09-16 00:00:00-04:00,3688.89990234375,42.47100067138672,1398.5,4.632999897003174
326,2025-09-17 00:00:00-04:00,3681.800048828125,41.72200012207031,1372.699951171875,4.571000099182129
327,2025-09-18 00:00:00-04:00,3643.699951171875,41.70700073242188,1397.4000244140625,4.540999889373779
328,2025-09-19 00:00:00-04:00,3671.5,42.5359992980957,1414.300048828125,4.568999767303467
329,2025-09-22 00:00:00-04:00,3740.699951171875,43.79899978637695,1423.699951171875,4.572999954223633
330,2025-09-23 00:00:00-04:00,3780.60009765625,44.19200134277344,1504.199951171875,4.584499835968018
331,2025-09-24 00:00:00-04:00,3732.10009765625,43.777000427246094,1484.5,4.752500057220459
332,2025-09-25 00:00:00-04:00,3736.89990234375,44.696998596191406,1530.699951171875,4.699999809265137
333,2025-09-26 00:00:00-04:00,3775.300048828125,46.22100067138672,1582.699951171875,4.715499877929688
334,2025-09-29 00:00:00-04:00,3820.89990234375,46.61199951171875,1609.300048828125,4.841000080108643
335,2025-09-30 00:00:00-04:00,3840.800048828125,46.25299835205078,1584.5999755859375,4.804999828338623
336,2025-10-01 00:00:00-04:00,3867.5,47.290000915527344,1569.9000244140625,4.83050012588501
337,2025-10-02 00:00:00-04:00,3839.699951171875,46.0,1563.800048828125,4.8979997634887695
338,2025-10-03 00:00:00-04:00,3880.800048828125,47.59700012207031,1619.300048828125,5.058000087738037
339,2025-10-06 00:00:00-04:00,3948.5,48.08200073242188,1634.9000244140625,4.986999988555908
340,2025-10-07 00:00:00-04:00,3976.60009765625,47.17900085449219,1626.5999755859375,5.047999858856201
341,2025-10-08 00:00:00-04:00,4043.300048828125,48.65599822998047,1678.0,5.046000003814697
342,2025-10-09 00:00:00-04:00,3946.300048828125,46.84999847412109,1634.0999755859375,5.075500011444092
343,2025-10-10 00:00:00-04:00,3975.89990234375,46.9379997253418,1600.699951171875,4.848499774932861
344,2025-10-13 00:00:00-04:00,4108.60009765625,50.130001068115234,1669.5999755859375,5.100500106811523
345,2025-10-14 00:00:00-04:00,4138.7001953125,50.31399917602539,1655.0999755859375,4.980500221252441
346,2025-10-15 00:00:00-04:00,4176.89990234375,51.073001861572266,1668.699951171875,4.9720001220703125
347,2025-10-16 00:00:00-04:00,4280.2001953125,53.02299880981445,1734.9000244140625,4.958000183105469
348,2025-10-17 00:00:00-04:00,4189.89990234375,49.86399841308594,1602.300048828125,4.93149995803833
349,2025-10-20 00:00:00-04:00,4336.39990234375,51.11899948120117,1634.9000244140625,4.998000144958496
350,2025-10-21 00:00:00-04:00,4087.699951171875,47.45000076293945,1504.0,4.929999828338623
351,2025-10-22 00:00:00-04:00,4044.39990234375,47.46099853515625,1536.0,4.960999965667725
352,2025-10-23 00:00:00-04:00,4125.5,48.48199844360352,1587.5999755859375,5.081999778747559
353,2025-10-24 00:00:00-04:00,4118.39990234375,48.37699890136719,1593.9000244140625,5.093500137329102
354,2025-10-27 00:00:00-04:00,4001.89990234375,46.5620002746582,1578.4000244140625,5.140500068664551
355,2025-10-28 00:00:00-04:00,3966.199951171875,47.125,1577.0,5.140500068664551
356,2025-10-29 00:00:00-04:00,3983.699951171875,47.72100067138672,1591.300048828125,5.233500003814697
357,2025-10-30 00:00:00-04:00,4001.300048828125,48.428001403808594,1608.300048828125,5.078000068664551
358,2025-10-31 00:00:00-04:00,3982.199951171875,47.99399948120117,1569.800048828125,5.065499782562256
359,2025-11-03 00:00:00-05:00,4000.300048828125,47.88800048828125,1574.0,5.046999931335449
360,2025-11-04 00:00:00-05:00,3947.699951171875,47.130001068115234,1542.300048828125,4.926000118255615
361,2025-11-05 00:00:00-05:00,3980.300048828125,47.86299896240234,1553.5,4.9629998207092285
362,2025-11-06 00:00:00-05:00,3979.89990234375,47.79399871826172,1528.300048828125,4.945499897003174
363,2025-11-07 00:00:00-05:00,3999.39990234375,48.016998291015625,1539.300048828125,4.938000202178955
364,2025-11-10 00:00:00-05:00,4111.7998046875,50.17699813842773,1591.0999755859375,5.086999893188477
365,2025-11-11 00:00:00-05:00,4106.7998046875,50.61800003051758,1589.4000244140625,5.048500061035156
366,2025-11-12 00:00:00-05:00,4204.39990234375,53.33200073242188,1622.300048828125,5.089499950408936
367,2025-11-13 00:00:00-05:00,4186.89990234375,53.07400131225586,1603.9000244140625,5.087500095367432
368,2025-11-14 00:00:00-05:00,4087.60009765625,50.59000015258789,1555.199951171875,5.049499988555908
369,2025-11-17 00:00:00-05:00,4068.300048828125,50.625,1545.699951171875,5.0
370,2025-11-18 00:00:00-05:00,4061.300048828125,50.45000076293945,1545.199951171875,4.962500095367432
371,2025-11-19 00:00:00-05:00,4077.699951171875,50.790000915527344,1546.9000244140625,5.007999897003174
372,2025-11-20 00:00:00-05:00,4056.5,50.24700164794922,1506.199951171875,4.959499835968018
373,2025-11-21 00:00:00-05:00,4076.699951171875,49.87300109863281,1513.800048828125,5.008500099182129
374,2025-11-24 00:00:00-05:00,4091.89990234375,50.29499816894531,1542.5,4.961999893188477
375,2025-11-25 00:00:00-05:00,4139.2001953125,50.93399810791016,1556.9000244140625,4.999499797821045
376,2025-11-26 00:00:00-05:00,4165.2001953125,52.91600036621094,1578.9000244140625,5.104499816894531
377,2025-11-28 00:00:00-05:00,4218.2998046875,56.44599914550781,1677.699951171875,5.185500144958496
378,2025-12-01 00:00:00-05:00,4239.2998046875,58.417999267578125,1670.0999755859375,5.218999862670898
379,2025-12-02 00:00:00-05:00,4186.60009765625,57.983001708984375,1644.0,5.160999774932861
380,2025-12-03 00:00:00-05:00,4199.2998046875,57.92100143432617,1656.5,5.308000087738037
381,2025-12-04 00:00:00-05:00,4211.7998046875,56.84700012207031,1654.4000244140625,5.291500091552734
382,2025-12-05 00:00:00-05:00,4212.89990234375,58.422000885009766,1655.0,5.381999969482422
383,2025-12-08 00:00:00-05:00,4187.2001953125,57.77899932861328,1655.0,5.364500045776367
384,2025-12-09 00:00:00-05:00,4206.7001953125,60.16899871826172,1695.0999755859375,5.240499973297119
385,2025-12-10 00:00:00-05:00,4196.39990234375,60.37900161743164,1641.800048828125,5.2754998207092285
386,2025-12-11 00:00:00-05:00,4285.5,63.92900085449219,1707.800048828125,5.427000045776367
387,2025-12-12 00:00:00-05:00,4300.10009765625,61.36199951171875,1757.0999755859375,5.2835001945495605
388,2025-12-15 00:00:00-05:00,4306.7001953125,62.93999862670898,1810.5,5.338500022888184
389,2025-12-16 00:00:00-05:00,4304.5,62.70000076293945,1870.0999755859373,5.287000179290772
390,2025-12-17 00:00:00-05:00,4347.5,66.23699951171875,1932.699951171875,5.363500118255615
391,2025-12-18 00:00:00-05:00,4339.5,64.59200286865234,1955.5,5.366499900817871
392,2025-12-19 00:00:00-05:00,4361.39990234375,66.84500122070312,2013.199951171875,5.439499855041504
393,2025-12-22 00:00:00-05:00,4444.60009765625,67.90599822998047,2084.0,5.4375
394,2025-12-23 00:00:00-05:00,4482.7998046875,70.48500061035156,2282.0,5.47599983215332
395,2025-12-24 00:00:00-05:00,4480.60009765625,71.03099822998047,2242.39990234375,5.498499870300293
396,2025-12-26 00:00:00-05:00,4529.10009765625,76.48600006103516,2467.699951171875,5.766499996185303
397,2025-12-29 00:00:00-05:00,4325.10009765625,69.85600280761719,2104.800048828125,5.490499973297119
398,2025-12-30 00:00:00-05:00,4370.10009765625,77.3740005493164,2232.300048828125,5.727499961853027
399,2025-12-31 00:00:00-05:00,4325.60009765625,70.13400268554688,2034.5,5.630000114440918
400,2026-01-02 00:00:00-05:00,4314.39990234375,70.55599975585938,2125.699951171875,5.639999866485596
401,2026-01-05 00:00:00-05:00,4436.89990234375,76.16400146484375,2269.5,5.924499988555908
402,2026-01-06 00:00:00-05:00,4482.2001953125,80.52999877929688,2434.0,6.010499954223633
403,2026-01-07 00:00:00-05:00,4449.2998046875,77.13500213623047,2253.39990234375,5.809000015258789
404,2026-01-08 00:00:00-05:00,4449.7001953125,74.71600341796875,2251.699951171875,5.746500015258789
405,2026-01-09 00:00:00-05:00,4490.2998046875,78.88400268554688,2278.300048828125,5.855500221252441
406,2026-01-12 00:00:00-05:00,4604.2998046875,84.61000061035156,2359.60009765625,5.985000133514404
407,2026-01-13 00:00:00-05:00,4589.2001953125,85.87699890136719,2333.800048828125,5.96999979019165
408,2026-01-14 00:00:00-05:00,4626.2998046875,90.86900329589844,2367.10009765625,6.008999824523926
409,2026-01-15 00:00:00-05:00,4616.2998046875,91.8759994506836,2390.0,5.947999954223633
410,2026-01-16 00:00:00-05:00,4588.39990234375,88.09100341796875,2303.800048828125,5.78849983215332
411,2026-01-20 00:00:00-05:00,4759.60009765625,94.20600128173828,2431.5,5.7729997634887695
412,2026-01-21 00:00:00-05:00,4831.7998046875,92.20999908447266,2480.39990234375,5.729499816894531
413,2026-01-22 00:00:00-05:00,4908.7998046875,95.97599792480467,2561.800048828125,5.742499828338623
414,2026-01-23 00:00:00-05:00,4976.2001953125,100.9250030517578,2722.10009765625,5.910999774932861
415,2026-01-26 00:00:00-05:00,5079.7001953125,115.08000183105467,2852.39990234375,5.984000205993652
416,2026-01-27 00:00:00-05:00,5079.89990234375,105.52300262451172,2513.199951171875,5.828499794006348
417,2026-01-28 00:00:00-05:00,5301.60009765625,113.11100006103516,2605.699951171875,5.892499923706055
418,2026-01-29 00:00:00-05:00,5318.39990234375,114.03700256347656,2597.39990234375,6.17549991607666
419,2026-01-30 00:00:00-05:00,4713.89990234375,78.29000091552734,2102.800048828125,5.896999835968018
420,2026-02-02 00:00:00-05:00,4622.5,76.77799987792969,2093.5,5.801499843597412
421,2026-02-03 00:00:00-05:00,4903.7001953125,83.04199981689453,2195.60009765625,6.0625
422,2026-02-04 00:00:00-05:00,4920.39990234375,84.16500091552734,2162.699951171875,5.826000213623047
423,2026-02-05 00:00:00-05:00,4861.39990234375,76.52899932861328,2061.60009765625,5.798999786376953
424,2026-02-06 00:00:00-05:00,4951.2001953125,76.73500061035156,2093.300048828125,5.863500118255615
425,2026-02-09 00:00:00-05:00,5050.89990234375,82.06500244140625,2108.89990234375,5.945000171661377
426,2026-02-10 00:00:00-05:00,5003.7998046875,80.21800231933594,2091.60009765625,5.895999908447266
427,2026-02-11 00:00:00-05:00,5071.60009765625,83.75399780273438,2137.89990234375,5.948999881744385
428,2026-02-12 00:00:00-05:00,4923.7001953125,75.5459976196289,2014.0,5.770999908447266
429,2026-02-13 00:00:00-05:00,5022.0,77.85099792480469,2071.199951171875,5.792500019073486
430,2026-02-17 00:00:00-05:00,4882.89990234375,73.4469985961914,2012.5,5.632999897003174
431,2026-02-18 00:00:00-05:00,4986.5,77.50900268554688,2106.39990234375,5.793499946594238
432,2026-02-19 00:00:00-05:00,4975.89990234375,77.56500244140625,2062.300048828125,5.730000019073486
433,2026-02-20 00:00:00-05:00,5059.2998046875,82.28299713134766,2169.699951171875,5.830999851226807
434,2026-02-23 00:00:00-05:00,5204.7001953125,86.52300262451172,2146.39990234375,5.7729997634887695
435,2026-02-24 00:00:00-05:00,5155.7998046875,87.45700073242188,2181.10009765625,5.922999858856201
436,2026-02-25 00:00:00-05:00,5206.39990234375,90.93900299072266,2325.60009765625,5.979499816894531
437,2026-02-26 00:00:00-05:00,5176.5,86.99800109863281,2230.699951171875,5.947000026702881
438,2026-02-27 00:00:00-05:00,5230.5,92.68199920654295,2365.60009765625,6.004499912261963
439,2026-03-02 00:00:00-05:00,5294.39990234375,88.28399658203125,2311.89990234375,5.894499778747559
440,2026-03-03 00:00:00-05:00,5107.39990234375,82.9229965209961,2074.800048828125,5.773499965667725
441,2026-03-04 00:00:00-05:00,5120.2001953125,82.63300323486328,2154.699951171875,5.855000019073486
442,2026-03-05 00:00:00-05:00,5065.2998046875,81.68699645996094,2130.0,5.752999782562256
443,2026-03-06 00:00:00-05:00,5146.10009765625,83.81600189208984,2142.39990234375,5.756999969482422
444,2026-03-09 00:00:00-04:00,5091.5,84.03199768066406,2169.60009765625,5.80049991607666
445,2026-03-10 00:00:00-04:00,5229.7001953125,89.08300018310547,2235.0,5.90399980545044
446,2026-03-11 00:00:00-04:00,5167.39990234375,85.06500244140625,2205.0,5.8454999923706055
447,2026-03-12 00:00:00-04:00,5115.7998046875,84.66999816894531,2160.0,5.82450008392334
448,2026-03-13 00:00:00-04:00,5052.5,80.91400146484375,2036.5999755859373,5.714499950408936
449,2026-03-16 00:00:00-04:00,4994.0,80.26300048828125,2089.5,5.790500164031982
450,2026-03-17 00:00:00-04:00,5001.0,79.52999877929688,2131.800048828125,5.726500034332275
451,2026-03-18 00:00:00-04:00,4889.89990234375,77.23799896240234,2052.0,5.553999900817871
452,2026-03-19 00:00:00-04:00,4600.7001953125,70.9020004272461,1939.199951171875,5.433000087738037
453,2026-03-20 00:00:00-04:00,4570.39990234375,69.36000061035156,1970.5999755859373,5.34250020980835
454,2026-03-23 00:00:00-04:00,4404.10009765625,69.04900360107422,1860.300048828125,5.439499855041504
455,2026-03-24 00:00:00-04:00,4399.2998046875,69.27400207519531,1892.0,5.422500133514404
456,2026-03-25 00:00:00-04:00,4549.7998046875,72.36100006103516,1925.199951171875,5.52899980545044
457,2026-03-26 00:00:00-04:00,4375.5,67.6709976196289,1838.300048828125,5.446499824523926
458,2026-03-27 00:00:00-04:00,4492.0,69.54499816894531,1870.5999755859373,5.4670000076293945
459,2026-03-30 00:00:00-04:00,4526.0,70.3239974975586,1885.5999755859373,5.47599983215332
460,2026-03-31 00:00:00-04:00,4647.60009765625,74.69000244140625,1950.0,5.587500095367432
461,2026-04-01 00:00:00-04:00,4783.2001953125,75.86699676513672,1969.300048828125,5.624000072479248
462,2026-04-02 00:00:00-04:00,4651.5,72.73500061035156,1963.800048828125,5.563000202178955
463,2026-04-06 00:00:00-04:00,4656.7998046875,72.66100311279297,1958.199951171875,5.583499908447266
464,2026-04-07 00:00:00-04:00,4657.10009765625,71.82599639892578,1929.0999755859373,5.54449987411499
465,2026-04-08 00:00:00-04:00,4749.5,75.2239990234375,2050.60009765625,5.759500026702881
466,2026-04-09 00:00:00-04:00,4792.2001953125,76.2770004272461,2096.60009765625,5.748000144958496
467,2026-04-10 00:00:00-04:00,4761.89990234375,76.3239974975586,2049.10009765625,5.870500087738037
468,2026-04-13 00:00:00-04:00,4742.39990234375,75.52300262451172,2061.800048828125,5.97599983215332
469,2026-04-14 00:00:00-04:00,4825.0,79.39099884033203,2084.60009765625,6.070499897003174
470,2026-04-15 00:00:00-04:00,4800.0,79.49099731445312,2112.89990234375,6.072000026702881
471,2026-04-16 00:00:00-04:00,4785.39990234375,78.60600280761719,2094.10009765625,6.066500186920166
472,2026-04-17 00:00:00-04:00,4857.60009765625,81.73799896240234,2124.5,6.103499889373779
473,2026-04-20 00:00:00-04:00,4806.60009765625,79.95099639892578,2070.699951171875,6.035999774932861
474,2026-04-21 00:00:00-04:00,4698.39990234375,76.41100311279297,2024.300048828125,6.001500129699707
475,2026-04-22 00:00:00-04:00,4732.5,77.89299774169922,2072.60009765625,6.119999885559082
476,2026-04-23 00:00:00-04:00,4705.10009765625,75.46499633789062,2022.5999755859373,6.075500011444092
477,2026-04-24 00:00:00-04:00,4722.2998046875,76.38300323486328,2015.0,6.023499965667725
478,2026-04-27 00:00:00-04:00,4675.39990234375,75.00299835205078,1981.0999755859373,6.01800012588501
479,2026-04-28 00:00:00-04:00,4591.5,73.20500183105469,1942.300048828125,5.914500236511231
480,2026-04-29 00:00:00-04:00,4545.2001953125,71.56900024414062,1885.300048828125,5.878499984741211
481,2026-04-30 00:00:00-04:00,4614.7001953125,73.53399658203125,1979.0,5.926000118255615
482,2026-05-01 00:00:00-04:00,4629.89990234375,75.95099639892578,1996.5999755859373,5.932000160217285
483,2026-05-04 00:00:00-04:00,4519.5,73.0719985961914,1946.9000244140625,5.795000076293945
484,2026-05-05 00:00:00-04:00,4555.7998046875,73.10800170898438,1960.699951171875,5.942999839782715
485,2026-05-06 00:00:00-04:00,4681.89990234375,76.81099700927734,2048.699951171875,6.136499881744385
486,2026-05-07 00:00:00-04:00,4699.7998046875,79.70099639892578,2048.10009765625,6.127500057220459
487,2026-05-08 00:00:00-04:00,4720.39990234375,80.3949966430664,2047.199951171875,6.249000072479248
488,2026-05-11 00:00:00-04:00,4718.7001953125,85.48500061035156,2115.5,6.41349983215332
489,2026-05-12 00:00:00-04:00,4677.60009765625,85.12999725341797,2110.0,6.485000133514404
490,2026-05-13 00:00:00-04:00,4697.7001953125,88.88800048828125,2187.10009765625,6.635499954223633
491,2026-05-14 00:00:00-04:00,4678.10009765625,84.91200256347656,2083.5,6.567500114440918
492,2026-05-15 00:00:00-04:00,4555.7998046875,77.16100311279297,1981.300048828125,6.251500129699707
493,2026-05-18 00:00:00-04:00,4552.5,77.072998046875,1968.0999755859373,6.271999835968018
494,2026-05-19 00:00:00-04:00,4506.2998046875,74.8280029296875,1933.800048828125,6.164999961853027
495,2026-05-20 00:00:00-04:00,4531.2998046875,75.85099792480469,1949.800048828125,6.290500164031982
496,2026-05-21 00:00:00-04:00,4539.7998046875,76.41400146484375,1955.0999755859373,6.256999969482422
497,2026-05-22 00:00:00-04:00,4521.0,75.89299774169922,1931.5999755859373,6.3420000076293945
498,2026-05-26 00:00:00-04:00,4500.39990234375,76.30500030517578,1942.199951171875,6.361000061035156
499,2026-05-27 00:00:00-04:00,4447.5,74.5989990234375,1918.699951171875,6.304999828338623
500,2026-05-28 00:00:00-04:00,4499.2998046875,75.6449966430664,1921.5999755859373,6.395999908447266
501,2026-05-29 00:00:00-04:00,4593.0,75.875,1929.5,6.388999938964844
